{
    "jsonSchemaSemanticVersion": "1.1.0",
    "imports": [
        {
            "corpusPath": "cdm:/foundations.cdm.json"
        },
        {
            "corpusPath": "localCdm:/foundations.cdm.json"
        }
    ],
    "definitions": [
        {
            "entityName": "PurchCategory",
            "exhibitsTraits": [
                {
                    "traitReference": "is.CDM.entityVersion",
                    "arguments": [
                        {
                            "name": "versionNumber",
                            "value": "1.0.0"
                        }
                    ]
                }
            ],
            "hasAttributes": [
                {
                    "name": "CategoryId",
                    "dataFormat": "Int64",
                    "description": "The unique id of CategoryId."
                },
				{
                    "name": "CategoryName",
                    "dataFormat": "String"
                },
                {
                    "name": "LastProcessedChange_DateTime",
                    "dataFormat": "DateTime",
                    "description": "The DateTime timestamp for the last CDC change on this record."
                },
                {
                    "name": "DataLakeModified_DateTime",
                    "dataFormat": "DateTime",
                    "description": "The DateTime timestamp for the last modification on the Lake (write) for this record."
                },
		{
                    "name": "CategoryGroupId",
                    "dataFormat": "Int64",
                    "description": "The CategoryGroupId."
                },
                {
                    "name": "RecordId",
                    "dataFormat": "Int64"
                }

            ]
        }
    ]
}