{
    "jsonSchemaSemanticVersion": "1.1.0",
    "imports": [
        {
            "corpusPath": "cdm:/foundations.cdm.json"
        },
        {
            "corpusPath": "localCdm:/foundations.cdm.json"
        }
    ],
    "definitions": [
        {
            "entityName": "Currency",
            "exhibitsTraits": [
                {
                    "traitReference": "is.CDM.entityVersion",
                    "arguments": [
                        {
                            "name": "versionNumber",
                            "value": "1.0.0"
                        }
                    ]
                }
            ],
            "hasAttributes": [
                {
                    "name": "CurrencyId",
                    "dataFormat": "Int64",
                    "description": "The unique CurrencyId."
                },
                {
                    "name": "Code",
                    "dataFormat": "String",
                    "description": "CurrencyCode"
                },
                {
                    "name": "LastProcessedChange_DateTime",
                    "dataFormat": "DateTime",
                    "description": "The DateTime timestamp for the last CDC change on this record."
                },
                {
                    "name": "DataLakeModified_DateTime",
                    "dataFormat": "DateTime",
                    "description": "The DateTime timestamp for the last modification on the Lake (write) for this record."
                },
                {
                    "name": "Country",
                    "dataFormat": "String"
                },
                {
                    "name": "CurrencyName",
                    "dataFormat": "String"
                },
                {
                    "name": "RecordId",
                    "dataFormat": "Int64"
                }
            ]
        }
    ]
}