{
    "jsonSchemaSemanticVersion": "1.1.0",
    "imports": [
        {
            "corpusPath": "cdm:/foundations.cdm.json"
        },
        {
            "corpusPath": "localCdm:/foundations.cdm.json"
        }
    ],
    "definitions": [
        {
            "entityName": "CustTable",
            "exhibitsTraits": [
                {
                    "traitReference": "is.CDM.entityVersion",
                    "arguments": [
                        {
                            "name": "versionNumber",
                            "value": "1.0.0"
                        }
                    ]
                }
            ],
            "hasAttributes": [
                {
                    "name": "CustomerId",
                    "dataFormat": "Int64",
                    "description": "The unique CustomerId."
                },
                {
                    "name": "LastProcessedChange_DateTime",
                    "dataFormat": "DateTime",
                    "description": "The DateTime timestamp for the last CDC change on this record."
                },
                {
                    "name": "DataLakeModified_DateTime",
                    "dataFormat": "DateTime",
                    "description": "The DateTime timestamp for the last modification on the Lake (write) for this record."
                },
                {
                    "name": "CustomerName",
                    "dataFormat": "String",
                    "description": "Customer Full Name"
                },
		{
                    "name": "Email",
                    "dataFormat": "String",
                    "description": "Email id"
                },
                {
                    "name": "Phone",
                    "dataFormat": "String"
                },
                {
                    "name": "Address",
                    "dataFormat": "String"
                },
                {
                    "name": "City",
                    "dataFormat": "String"
                },
                {
                    "name": "State",
                    "dataFormat": "String"
                },
                {
                    "name": "Country",
                    "dataFormat": "String"
                },
                {
                    "name": "ZipCode",
                    "dataFormat": "String"
                },
                {
                    "name": "Region",
                    "dataFormat": "String"
                },
                {
                    "name": "SignupDate",
                    "dataFormat": "DateTime"
                },
                {
                    "name": "RecordId",
                    "dataFormat": "Int64"
                }
            ]
        }
    ]
}