{"EmployeeKey":1,"EmpName":"Guy Gilbert","Contact":{"Email":"guy1@adventure-works.com","Phone":"320-555-0195"}}
{"EmployeeKey":2,"EmpName":"Kevin Brown","Contact":{"Email":"kevin0@adventure-works.com","Phone":"150-555-0189"}}
{"EmployeeKey":3,"EmpName":"Kevin Smith","Contact":{"Email":"kevin0@adventure-works.com","Phone":"150-555-0189"}}
{"EmployeeKey":4,"EmpName":"Rob Walters","Contact":{"Email":"rob0@adventure-works.com","Phone":"612-555-0100"}}
{"EmployeeKey":5,"EmpName":"Rob Walters","Contact":{"Email":"rob0@adventure-works.com","Phone":"612-555-0100"}}
{"EmployeeKey":6,"EmpName":"Thierry D'Hers","Contact":{"Email":"thierry0@adventure-works.com","Phone":"168-555-0183"}}
{"EmployeeKey":7,"EmpName":"David Bradley","Contact":{"Email":"david0@adventure-works.com","Phone":"913-555-0172"}}
{"EmployeeKey":8,"EmpName":"David Bradley","Contact":{"Email":"david0@adventure-works.com","Phone":"913-555-0172"}}
{"EmployeeKey":9,"EmpName":"JoLynn Dobney","Contact":{"Email":"jolynn0@adventure-works.com","Phone":"903-555-0145"}}
{"EmployeeKey":10,"EmpName":"Ruth Ellerbrock","Contact":{"Email":"ruth0@adventure-works.com","Phone":"145-555-0130"}}
