InvoiceId,ProductKey,Country,ProductName,SalesAmount,TaxAmount
10001,222,France,"Sport-100 Helmet, Blue",34.99,2.7992
10002,480,Australia,Patch Kit/8 Patches,2.29,0.1832
10003,217,India,"Sport-100 Helmet, Black",34.99,2.7992
10004,569,Germany,"Touring-3000 Yellow, 50",742.35,59.388
10005,375,France,"Road-250 Black, 48",2181.5625,174.525
10006,566,Australia,"Touring-3000 Blue, 58",742.35,59.388
10007,538,France,LL Road Tire,21.49,1.7192
10008,480,Germany,Patch Kit/8 Patches,2.29,0.1832
10009,485,Australia,Fender Set - Mountain,21.98,1.7584
10010,528,Australia,Mountain Tire Tube,4.99,0.3992
10011,489,France,"Short-Sleeve Classic Jersey, M",53.99,4.3192
10012,481,Italy,"Racing Socks, M",8.99,0.7192
10013,485,Germany,Fender Set - Mountain,21.98,1.7584
10014,474,Italy,"Women's Mountain Shorts, S",69.99,5.5992
10015,478,France,Mountain Bottle Cage,9.99,0.7992
10016,214,United States,"Sport-100 Helmet, Red",34.99,2.7992
10017,537,Italy,HL Mountain Tire,35,2.8
10018,529,India,Road Tire Tube,3.99,0.3192
10019,465,India,"Half-Finger Gloves, M",24.49,1.9592
10020,582,Australia,"Road-350-W Yellow, 44",1700.99,136.0792
10021,528,India,Mountain Tire Tube,4.99,0.3992
10022,353,Germany,"Mountain-200 Silver, 38",2319.99,185.5992
10023,536,India,ML Mountain Tire,29.99,2.3992
10024,480,United States,Patch Kit/8 Patches,2.29,0.1832
10025,310,India,"Road-150 Red, 62",3578.27,286.2616
10026,538,Australia,LL Road Tire,21.49,1.7192
10027,360,Australia,"Mountain-200 Black, 42",2049.0982,163.9279
10028,478,Australia,Mountain Bottle Cage,9.99,0.7992
10029,480,Germany,Patch Kit/8 Patches,2.29,0.1832
10030,234,Australia,"Long-Sleeve Logo Jersey, L",49.99,3.9992
10031,473,Italy,"Classic Vest, L",63.5,5.08
10032,222,France,"Sport-100 Helmet, Blue",34.99,2.7992
10033,477,Germany,Water Bottle - 30 oz.,4.99,0.3992
10034,562,Canada,"Touring-1000 Yellow, 50",2384.07,190.7256
10035,485,United States,Fender Set - Mountain,21.98,1.7584
10036,214,Canada,"Sport-100 Helmet, Red",34.99,2.7992
10037,225,France,AWC Logo Cap,8.99,0.7192
10038,535,Canada,LL Mountain Tire,24.99,1.9992
10039,484,Italy,Bike Wash - Dissolver,7.95,0.636
10040,535,Germany,LL Mountain Tire,24.99,1.9992
10041,528,France,Mountain Tire Tube,4.99,0.3992
10042,590,United States,"Mountain-400-W Silver, 46",769.49,61.5592
10043,529,United States,Road Tire Tube,3.99,0.3192
10044,467,Canada,"Half-Finger Gloves, L",24.49,1.9592
10045,539,France,ML Road Tire,24.99,1.9992
10046,477,Germany,Water Bottle - 30 oz.,4.99,0.3992
10047,477,United States,Water Bottle - 30 oz.,4.99,0.3992
10048,485,Italy,Fender Set - Mountain,21.98,1.7584
10049,214,Canada,"Sport-100 Helmet, Red",34.99,2.7992
10050,537,Canada,HL Mountain Tire,35,2.8
10051,528,France,Mountain Tire Tube,4.99,0.3992
10052,477,Germany,Water Bottle - 30 oz.,4.99,0.3992
10053,477,Canada,Water Bottle - 30 oz.,4.99,0.3992
10054,222,United States,"Sport-100 Helmet, Blue",34.99,2.7992
10055,222,United States,"Sport-100 Helmet, Blue",34.99,2.7992
10056,382,Australia,"Road-550-W Yellow, 38",1120.49,89.6392
10057,465,India,"Half-Finger Gloves, M",24.49,1.9592
10058,225,Australia,AWC Logo Cap,8.99,0.7192
10059,477,Italy,Water Bottle - 30 oz.,4.99,0.3992
10060,528,United States,Mountain Tire Tube,4.99,0.3992
10061,528,France,Mountain Tire Tube,4.99,0.3992
10062,529,Italy,Road Tire Tube,3.99,0.3192
10063,353,Canada,"Mountain-200 Silver, 38",2319.99,185.5992
10064,214,Canada,"Sport-100 Helmet, Red",34.99,2.7992
10065,479,India,Road Bottle Cage,8.99,0.7192
10066,359,India,"Mountain-200 Black, 38",2294.99,183.5992
10067,528,Italy,Mountain Tire Tube,4.99,0.3992
10068,222,France,"Sport-100 Helmet, Blue",34.99,2.7992
10069,481,Canada,"Racing Socks, M",8.99,0.7192
10070,237,United States,"Long-Sleeve Logo Jersey, XL",49.99,3.9992
10071,485,France,Fender Set - Mountain,21.98,1.7584
10072,217,United States,"Sport-100 Helmet, Black",34.99,2.7992
10073,605,Australia,"Road-750 Black, 48",539.99,43.1992
10074,217,Italy,"Sport-100 Helmet, Black",34.99,2.7992
10075,605,France,"Road-750 Black, 48",539.99,43.1992
10076,584,Italy,"Road-750 Black, 58",539.99,43.1992
10077,528,India,Mountain Tire Tube,4.99,0.3992
10078,477,Italy,Water Bottle - 30 oz.,4.99,0.3992
10079,536,India,ML Mountain Tire,29.99,2.3992
10080,480,United States,Patch Kit/8 Patches,2.29,0.1832
10081,484,Germany,Bike Wash - Dissolver,7.95,0.636
10082,222,Italy,"Sport-100 Helmet, Blue",34.99,2.7992
10083,355,United States,"Mountain-200 Silver, 42",2319.99,185.5992
10084,482,France,"Racing Socks, L",8.99,0.7192
10085,541,India,Touring Tire,28.99,2.3192
10086,475,India,"Women's Mountain Shorts, M",69.99,5.5992
10087,472,Australia,"Classic Vest, M",63.5,5.08
10088,479,India,Road Bottle Cage,8.99,0.7192
10089,536,United States,ML Mountain Tire,29.99,2.3992
10090,214,India,"Sport-100 Helmet, Red",34.99,2.7992
10091,471,United States,"Classic Vest, S",63.5,5.08
10092,491,Italy,"Short-Sleeve Classic Jersey, XL",53.99,4.3192
10093,477,United States,Water Bottle - 30 oz.,4.99,0.3992
10094,467,United States,"Half-Finger Gloves, L",24.49,1.9592
10095,536,France,ML Mountain Tire,29.99,2.3992
10096,584,India,"Road-750 Black, 58",539.99,43.1992
10097,529,India,Road Tire Tube,3.99,0.3192
10098,386,France,"Road-550-W Yellow, 42",1120.49,89.6392
10099,528,Germany,Mountain Tire Tube,4.99,0.3992
10100,490,France,"Short-Sleeve Classic Jersey, L",53.99,4.3192
10101,536,Italy,ML Mountain Tire,29.99,2.3992
10102,480,France,Patch Kit/8 Patches,2.29,0.1832
10103,225,India,AWC Logo Cap,8.99,0.7192
10104,359,Australia,"Mountain-200 Black, 38",2294.99,183.5992
10105,478,Australia,Mountain Bottle Cage,9.99,0.7992
10106,485,Canada,Fender Set - Mountain,21.98,1.7584
10107,561,France,"Touring-1000 Yellow, 46",2384.07,190.7256
10108,486,India,All-Purpose Bike Stand,159,12.72
10109,480,Australia,Patch Kit/8 Patches,2.29,0.1832
10110,225,Canada,AWC Logo Cap,8.99,0.7192
10111,222,Italy,"Sport-100 Helmet, Blue",34.99,2.7992
10112,472,United States,"Classic Vest, M",63.5,5.08
10113,528,India,Mountain Tire Tube,4.99,0.3992
10114,567,Germany,"Touring-3000 Blue, 62",742.35,59.388
10115,214,France,"Sport-100 Helmet, Red",34.99,2.7992
10116,490,United States,"Short-Sleeve Classic Jersey, L",53.99,4.3192
10117,485,Germany,Fender Set - Mountain,21.98,1.7584
10118,471,United States,"Classic Vest, S",63.5,5.08
10119,217,Canada,"Sport-100 Helmet, Black",34.99,2.7992
10120,485,Australia,Fender Set - Mountain,21.98,1.7584
10121,530,India,Touring Tire Tube,4.99,0.3992
10122,222,Canada,"Sport-100 Helmet, Blue",34.99,2.7992
10123,536,France,ML Mountain Tire,29.99,2.3992
10124,528,Canada,Mountain Tire Tube,4.99,0.3992
10125,214,France,"Sport-100 Helmet, Red",34.99,2.7992
10126,528,Germany,Mountain Tire Tube,4.99,0.3992
10127,310,India,"Road-150 Red, 62",3578.27,286.2616
10128,237,United States,"Long-Sleeve Logo Jersey, XL",49.99,3.9992
10129,225,Australia,AWC Logo Cap,8.99,0.7192
10130,478,Italy,Mountain Bottle Cage,9.99,0.7992
10131,465,United States,"Half-Finger Gloves, M",24.49,1.9592
10132,354,India,"Mountain-200 Silver, 42",2071.4196,165.7136
10133,483,Italy,Hitch Rack - 4-Bike,120,9.6
10134,485,Australia,Fender Set - Mountain,21.98,1.7584
10135,225,France,AWC Logo Cap,8.99,0.7192
10136,222,Italy,"Sport-100 Helmet, Blue",34.99,2.7992
10137,341,Germany,"Road-650 Black, 48",782.99,62.6392
10138,463,United States,"Half-Finger Gloves, S",24.49,1.9592
10139,535,Australia,LL Mountain Tire,24.99,1.9992
10140,539,France,ML Road Tire,24.99,1.9992
10141,485,United States,Fender Set - Mountain,21.98,1.7584
10142,222,Germany,"Sport-100 Helmet, Blue",34.99,2.7992
10143,487,Canada,Hydration Pack - 70 oz.,54.99,4.3992
10144,353,India,"Mountain-200 Silver, 38",2319.99,185.5992
10145,480,Germany,Patch Kit/8 Patches,2.29,0.1832
10146,528,France,Mountain Tire Tube,4.99,0.3992
10147,605,Italy,"Road-750 Black, 48",539.99,43.1992
10148,491,Italy,"Short-Sleeve Classic Jersey, XL",53.99,4.3192
10149,480,Canada,Patch Kit/8 Patches,2.29,0.1832
10150,529,India,Road Tire Tube,3.99,0.3192
10151,480,Germany,Patch Kit/8 Patches,2.29,0.1832
10152,529,France,Road Tire Tube,3.99,0.3192
10153,225,Canada,AWC Logo Cap,8.99,0.7192
10154,478,Canada,Mountain Bottle Cage,9.99,0.7992
10155,214,Canada,"Sport-100 Helmet, Red",34.99,2.7992
10156,377,Canada,"Road-250 Black, 52",2181.5625,174.525
10157,231,Italy,"Long-Sleeve Logo Jersey, M",49.99,3.9992
10158,475,Australia,"Women's Mountain Shorts, M",69.99,5.5992
10159,214,Italy,"Sport-100 Helmet, Red",34.99,2.7992
10160,478,India,Mountain Bottle Cage,9.99,0.7992
10161,540,United States,HL Road Tire,32.6,2.608
10162,477,Canada,Water Bottle - 30 oz.,4.99,0.3992
10163,312,Canada,"Road-150 Red, 48",3578.27,286.2616
10164,540,United States,HL Road Tire,32.6,2.608
10165,487,Australia,Hydration Pack - 70 oz.,54.99,4.3992
10166,351,Canada,"Mountain-100 Black, 48",3374.99,269.9992
10167,529,Germany,Road Tire Tube,3.99,0.3192
10168,477,Italy,Water Bottle - 30 oz.,4.99,0.3992
10169,477,Canada,Water Bottle - 30 oz.,4.99,0.3992
10170,214,Germany,"Sport-100 Helmet, Red",34.99,2.7992
10171,489,United States,"Short-Sleeve Classic Jersey, M",53.99,4.3192
10172,325,Australia,"Road-650 Red, 62",782.99,62.6392
10173,225,France,AWC Logo Cap,8.99,0.7192
10174,353,Germany,"Mountain-200 Silver, 38",2319.99,185.5992
10175,463,United States,"Half-Finger Gloves, S",24.49,1.9592
10176,477,France,Water Bottle - 30 oz.,4.99,0.3992
10177,485,United States,Fender Set - Mountain,21.98,1.7584
10178,373,Italy,"Road-250 Black, 44",2181.5625,174.525
10179,222,Australia,"Sport-100 Helmet, Blue",34.99,2.7992
10180,530,Australia,Touring Tire Tube,4.99,0.3992
10181,361,France,"Mountain-200 Black, 42",2294.99,183.5992
10182,361,Italy,"Mountain-200 Black, 42",2294.99,183.5992
10183,363,United States,"Mountain-200 Black, 46",2294.99,183.5992
10184,529,France,Road Tire Tube,3.99,0.3192
10185,369,Australia,"Road-250 Red, 48",2443.35,195.468
10186,237,Italy,"Long-Sleeve Logo Jersey, XL",49.99,3.9992
10187,480,Germany,Patch Kit/8 Patches,2.29,0.1832
10188,477,France,Water Bottle - 30 oz.,4.99,0.3992
10189,214,Germany,"Sport-100 Helmet, Red",34.99,2.7992
10190,363,India,"Mountain-200 Black, 46",2294.99,183.5992
10191,480,Germany,Patch Kit/8 Patches,2.29,0.1832
10192,488,Italy,"Short-Sleeve Classic Jersey, S",53.99,4.3192
10193,528,Canada,Mountain Tire Tube,4.99,0.3992
10194,490,India,"Short-Sleeve Classic Jersey, L",53.99,4.3192
10195,328,Australia,"Road-650 Red, 48",699.0982,55.9279
10196,487,Italy,Hydration Pack - 70 oz.,54.99,4.3992
10197,485,Australia,Fender Set - Mountain,21.98,1.7584
10198,480,Australia,Patch Kit/8 Patches,2.29,0.1832
10199,481,Germany,"Racing Socks, M",8.99,0.7192
10200,483,United States,Hitch Rack - 4-Bike,120,9.6
10201,485,United States,Fender Set - Mountain,21.98,1.7584
10202,214,United States,"Sport-100 Helmet, Red",34.99,2.7992
10203,477,Australia,Water Bottle - 30 oz.,4.99,0.3992
10204,528,Italy,Mountain Tire Tube,4.99,0.3992
10205,530,France,Touring Tire Tube,4.99,0.3992
10206,359,India,"Mountain-200 Black, 38",2294.99,183.5992
10207,372,Germany,"Road-250 Red, 58",2443.35,195.468
10208,606,France,"Road-750 Black, 52",539.99,43.1992
10209,476,France,"Women's Mountain Shorts, L",69.99,5.5992
10210,352,Italy,"Mountain-200 Silver, 38",2071.4196,165.7136
10211,225,France,AWC Logo Cap,8.99,0.7192
10212,530,India,Touring Tire Tube,4.99,0.3992
10213,475,India,"Women's Mountain Shorts, M",69.99,5.5992
10214,583,Australia,"Road-350-W Yellow, 48",1700.99,136.0792
10215,363,Australia,"Mountain-200 Black, 46",2294.99,183.5992
10216,480,France,Patch Kit/8 Patches,2.29,0.1832
10217,486,India,All-Purpose Bike Stand,159,12.72
10218,529,Australia,Road Tire Tube,3.99,0.3192
10219,536,Australia,ML Mountain Tire,29.99,2.3992
10220,217,India,"Sport-100 Helmet, Black",34.99,2.7992
10221,480,Germany,Patch Kit/8 Patches,2.29,0.1832
10222,485,United States,Fender Set - Mountain,21.98,1.7584
10223,231,France,"Long-Sleeve Logo Jersey, M",49.99,3.9992
10224,355,Australia,"Mountain-200 Silver, 42",2319.99,185.5992
10225,479,India,Road Bottle Cage,8.99,0.7192
10226,530,France,Touring Tire Tube,4.99,0.3992
10227,480,France,Patch Kit/8 Patches,2.29,0.1832
10228,529,Italy,Road Tire Tube,3.99,0.3192
10229,310,Canada,"Road-150 Red, 62",3578.27,286.2616
10230,604,Germany,"Road-750 Black, 44",539.99,43.1992
10231,479,United States,Road Bottle Cage,8.99,0.7192
10232,214,Australia,"Sport-100 Helmet, Red",34.99,2.7992
10233,535,Canada,LL Mountain Tire,24.99,1.9992
10234,529,United States,Road Tire Tube,3.99,0.3192
10235,529,India,Road Tire Tube,3.99,0.3192
10236,347,Italy,"Mountain-100 Silver, 48",3399.99,271.9992
10237,467,Italy,"Half-Finger Gloves, L",24.49,1.9592
10238,217,Australia,"Sport-100 Helmet, Black",34.99,2.7992
10239,541,Canada,Touring Tire,28.99,2.3192
10240,528,India,Mountain Tire Tube,4.99,0.3992
10241,561,Australia,"Touring-1000 Yellow, 46",2384.07,190.7256
10242,477,United States,Water Bottle - 30 oz.,4.99,0.3992
10243,477,France,Water Bottle - 30 oz.,4.99,0.3992
10244,225,United States,AWC Logo Cap,8.99,0.7192
10245,480,Canada,Patch Kit/8 Patches,2.29,0.1832
10246,490,Australia,"Short-Sleeve Classic Jersey, L",53.99,4.3192
10247,485,Italy,Fender Set - Mountain,21.98,1.7584
10248,354,France,"Mountain-200 Silver, 42",2071.4196,165.7136
10249,581,United States,"Road-350-W Yellow, 42",1700.99,136.0792
10250,217,France,"Sport-100 Helmet, Black",34.99,2.7992
10251,530,Australia,Touring Tire Tube,4.99,0.3992
10252,581,France,"Road-350-W Yellow, 42",1700.99,136.0792
10253,231,Germany,"Long-Sleeve Logo Jersey, M",49.99,3.9992
10254,485,United States,Fender Set - Mountain,21.98,1.7584
10255,479,United States,Road Bottle Cage,8.99,0.7192
10256,361,France,"Mountain-200 Black, 42",2294.99,183.5992
10257,539,Canada,ML Road Tire,24.99,1.9992
10258,589,Australia,"Mountain-400-W Silver, 42",769.49,61.5592
10259,222,France,"Sport-100 Helmet, Blue",34.99,2.7992
10260,480,Italy,Patch Kit/8 Patches,2.29,0.1832
10261,588,Australia,"Mountain-400-W Silver, 40",769.49,61.5592
10262,480,India,Patch Kit/8 Patches,2.29,0.1832
10263,491,Canada,"Short-Sleeve Classic Jersey, XL",53.99,4.3192
10264,580,Germany,"Road-350-W Yellow, 40",1700.99,136.0792
10265,357,India,"Mountain-200 Silver, 46",2319.99,185.5992
10266,605,Canada,"Road-750 Black, 48",539.99,43.1992
10267,217,Germany,"Sport-100 Helmet, Black",34.99,2.7992
10268,589,Italy,"Mountain-400-W Silver, 42",769.49,61.5592
10269,217,Australia,"Sport-100 Helmet, Black",34.99,2.7992
10270,585,India,"Touring-3000 Blue, 44",742.35,59.388
10271,463,Canada,"Half-Finger Gloves, S",24.49,1.9592
10272,356,Canada,"Mountain-200 Silver, 46",2071.4196,165.7136
10273,536,India,ML Mountain Tire,29.99,2.3992
10274,477,United States,Water Bottle - 30 oz.,4.99,0.3992
10275,214,Canada,"Sport-100 Helmet, Red",34.99,2.7992
10276,537,India,HL Mountain Tire,35,2.8
10277,324,India,"Road-650 Red, 62",699.0982,55.9279
10278,465,France,"Half-Finger Gloves, M",24.49,1.9592
10279,566,India,"Touring-3000 Blue, 58",742.35,59.388
10280,485,Germany,Fender Set - Mountain,21.98,1.7584
10281,596,Italy,"Mountain-500 Black, 40",539.99,43.1992
10282,390,United States,"Road-550-W Yellow, 48",1120.49,89.6392
10283,477,India,Water Bottle - 30 oz.,4.99,0.3992
10284,222,France,"Sport-100 Helmet, Blue",34.99,2.7992
10285,528,India,Mountain Tire Tube,4.99,0.3992
10286,222,Italy,"Sport-100 Helmet, Blue",34.99,2.7992
10287,490,Italy,"Short-Sleeve Classic Jersey, L",53.99,4.3192
10288,484,Germany,Bike Wash - Dissolver,7.95,0.636
10289,217,Australia,"Sport-100 Helmet, Black",34.99,2.7992
10290,536,India,ML Mountain Tire,29.99,2.3992
10291,584,India,"Road-750 Black, 58",539.99,43.1992
10292,484,Canada,Bike Wash - Dissolver,7.95,0.636
10293,592,France,"Mountain-500 Silver, 42",564.99,45.1992
10294,528,France,Mountain Tire Tube,4.99,0.3992
10295,465,France,"Half-Finger Gloves, M",24.49,1.9592
10296,311,United States,"Road-150 Red, 44",3578.27,286.2616
10297,225,Italy,AWC Logo Cap,8.99,0.7192
10298,477,Canada,Water Bottle - 30 oz.,4.99,0.3992
10299,596,Italy,"Mountain-500 Black, 40",539.99,43.1992
10300,225,France,AWC Logo Cap,8.99,0.7192
10301,472,India,"Classic Vest, M",63.5,5.08
10302,583,Germany,"Road-350-W Yellow, 48",1700.99,136.0792
10303,477,United States,Water Bottle - 30 oz.,4.99,0.3992
10304,355,Italy,"Mountain-200 Silver, 42",2319.99,185.5992
10305,339,Australia,"Road-650 Black, 44",782.99,62.6392
10306,490,India,"Short-Sleeve Classic Jersey, L",53.99,4.3192
10307,485,Italy,Fender Set - Mountain,21.98,1.7584
10308,477,Germany,Water Bottle - 30 oz.,4.99,0.3992
10309,225,Italy,AWC Logo Cap,8.99,0.7192
10310,538,France,LL Road Tire,21.49,1.7192
10311,217,Germany,"Sport-100 Helmet, Black",34.99,2.7992
10312,536,France,ML Mountain Tire,29.99,2.3992
10313,583,Canada,"Road-350-W Yellow, 48",1700.99,136.0792
10314,463,Australia,"Half-Finger Gloves, S",24.49,1.9592
10315,483,Canada,Hitch Rack - 4-Bike,120,9.6
10316,222,Australia,"Sport-100 Helmet, Blue",34.99,2.7992
10317,537,Italy,HL Mountain Tire,35,2.8
10318,541,France,Touring Tire,28.99,2.3192
10319,484,Italy,Bike Wash - Dissolver,7.95,0.636
10320,540,Canada,HL Road Tire,32.6,2.608
10321,479,Canada,Road Bottle Cage,8.99,0.7192
10322,473,United States,"Classic Vest, L",63.5,5.08
10323,539,Australia,ML Road Tire,24.99,1.9992
10324,529,France,Road Tire Tube,3.99,0.3192
10325,539,Australia,ML Road Tire,24.99,1.9992
10326,480,India,Patch Kit/8 Patches,2.29,0.1832
10327,479,Canada,Road Bottle Cage,8.99,0.7192
10328,214,India,"Sport-100 Helmet, Red",34.99,2.7992
10329,530,United States,Touring Tire Tube,4.99,0.3992
10330,484,Canada,Bike Wash - Dissolver,7.95,0.636
10331,480,Canada,Patch Kit/8 Patches,2.29,0.1832
10332,530,France,Touring Tire Tube,4.99,0.3992
10333,475,Canada,"Women's Mountain Shorts, M",69.99,5.5992
10334,574,France,"Touring-1000 Blue, 50",2384.07,190.7256
10335,596,Germany,"Mountain-500 Black, 40",539.99,43.1992
10336,599,Canada,"Mountain-500 Black, 48",539.99,43.1992
10337,529,India,Road Tire Tube,3.99,0.3192
10338,537,Germany,HL Mountain Tire,35,2.8
10339,530,Italy,Touring Tire Tube,4.99,0.3992
10340,312,United States,"Road-150 Red, 48",3578.27,286.2616
10341,477,France,Water Bottle - 30 oz.,4.99,0.3992
10342,529,Australia,Road Tire Tube,3.99,0.3192
10343,217,Canada,"Sport-100 Helmet, Black",34.99,2.7992
10344,225,India,AWC Logo Cap,8.99,0.7192
10345,541,India,Touring Tire,28.99,2.3192
10346,487,Italy,Hydration Pack - 70 oz.,54.99,4.3992
10347,529,Canada,Road Tire Tube,3.99,0.3192
10348,485,France,Fender Set - Mountain,21.98,1.7584
10349,606,Canada,"Road-750 Black, 52",539.99,43.1992
10350,536,Canada,ML Mountain Tire,29.99,2.3992
10351,353,France,"Mountain-200 Silver, 38",2319.99,185.5992
10352,313,Canada,"Road-150 Red, 52",3578.27,286.2616
10353,582,Germany,"Road-350-W Yellow, 44",1700.99,136.0792
10354,529,Germany,Road Tire Tube,3.99,0.3192
10355,604,Australia,"Road-750 Black, 44",539.99,43.1992
10356,580,France,"Road-350-W Yellow, 40",1700.99,136.0792
10357,540,Germany,HL Road Tire,32.6,2.608
10358,491,United States,"Short-Sleeve Classic Jersey, XL",53.99,4.3192
10359,477,United States,Water Bottle - 30 oz.,4.99,0.3992
10360,374,Italy,"Road-250 Black, 44",2443.35,195.468
10361,480,India,Patch Kit/8 Patches,2.29,0.1832
10362,234,Germany,"Long-Sleeve Logo Jersey, L",49.99,3.9992
10363,225,Australia,AWC Logo Cap,8.99,0.7192
10364,580,France,"Road-350-W Yellow, 40",1700.99,136.0792
10365,225,France,AWC Logo Cap,8.99,0.7192
10366,478,Italy,Mountain Bottle Cage,9.99,0.7992
10367,529,Australia,Road Tire Tube,3.99,0.3192
10368,537,Italy,HL Mountain Tire,35,2.8
10369,488,France,"Short-Sleeve Classic Jersey, S",53.99,4.3192
10370,375,Italy,"Road-250 Black, 48",2181.5625,174.525
10371,569,France,"Touring-3000 Yellow, 50",742.35,59.388
10372,477,Canada,Water Bottle - 30 oz.,4.99,0.3992
10373,528,United States,Mountain Tire Tube,4.99,0.3992
10374,477,Canada,Water Bottle - 30 oz.,4.99,0.3992
10375,487,United States,Hydration Pack - 70 oz.,54.99,4.3992
10376,474,United States,"Women's Mountain Shorts, S",69.99,5.5992
10377,563,India,"Touring-1000 Yellow, 54",2384.07,190.7256
10378,579,Italy,"Touring-2000 Blue, 54",1214.85,97.188
10379,480,Germany,Patch Kit/8 Patches,2.29,0.1832
10380,359,Canada,"Mountain-200 Black, 38",2294.99,183.5992
10381,477,Canada,Water Bottle - 30 oz.,4.99,0.3992
10382,537,United States,HL Mountain Tire,35,2.8
10383,225,France,AWC Logo Cap,8.99,0.7192
10384,355,India,"Mountain-200 Silver, 42",2319.99,185.5992
10385,490,Australia,"Short-Sleeve Classic Jersey, L",53.99,4.3192
10386,228,India,"Long-Sleeve Logo Jersey, S",49.99,3.9992
10387,484,Italy,Bike Wash - Dissolver,7.95,0.636
10388,333,Australia,"Road-650 Black, 58",782.99,62.6392
10389,581,Canada,"Road-350-W Yellow, 42",1700.99,136.0792
10390,485,United States,Fender Set - Mountain,21.98,1.7584
10391,539,United States,ML Road Tire,24.99,1.9992
10392,371,Australia,"Road-250 Red, 58",2181.5625,174.525
10393,529,Canada,Road Tire Tube,3.99,0.3192
10394,477,Canada,Water Bottle - 30 oz.,4.99,0.3992
10395,536,France,ML Mountain Tire,29.99,2.3992
10396,386,Australia,"Road-550-W Yellow, 42",1120.49,89.6392
10397,378,Germany,"Road-250 Black, 52",2443.35,195.468
10398,312,India,"Road-150 Red, 48",3578.27,286.2616
10399,536,India,ML Mountain Tire,29.99,2.3992
10400,540,Italy,HL Road Tire,32.6,2.608
10401,222,Canada,"Sport-100 Helmet, Blue",34.99,2.7992
10402,528,Germany,Mountain Tire Tube,4.99,0.3992
10403,528,Italy,Mountain Tire Tube,4.99,0.3992
10404,485,Canada,Fender Set - Mountain,21.98,1.7584
10405,485,United States,Fender Set - Mountain,21.98,1.7584
10406,539,India,ML Road Tire,24.99,1.9992
10407,467,Germany,"Half-Finger Gloves, L",24.49,1.9592
10408,485,Canada,Fender Set - Mountain,21.98,1.7584
10409,480,Australia,Patch Kit/8 Patches,2.29,0.1832
10410,228,Germany,"Long-Sleeve Logo Jersey, S",49.99,3.9992
10411,605,France,"Road-750 Black, 48",539.99,43.1992
10412,463,Italy,"Half-Finger Gloves, S",24.49,1.9592
10413,480,Canada,Patch Kit/8 Patches,2.29,0.1832
10414,538,Australia,LL Road Tire,21.49,1.7192
10415,388,France,"Road-550-W Yellow, 44",1120.49,89.6392
10416,473,India,"Classic Vest, L",63.5,5.08
10417,214,India,"Sport-100 Helmet, Red",34.99,2.7992
10418,477,India,Water Bottle - 30 oz.,4.99,0.3992
10419,222,India,"Sport-100 Helmet, Blue",34.99,2.7992
10420,222,India,"Sport-100 Helmet, Blue",34.99,2.7992
10421,485,Germany,Fender Set - Mountain,21.98,1.7584
10422,214,United States,"Sport-100 Helmet, Red",34.99,2.7992
10423,379,United States,"Road-250 Black, 58",2181.5625,174.525
10424,480,United States,Patch Kit/8 Patches,2.29,0.1832
10425,540,India,HL Road Tire,32.6,2.608
10426,537,Italy,HL Mountain Tire,35,2.8
10427,463,United States,"Half-Finger Gloves, S",24.49,1.9592
10428,529,Australia,Road Tire Tube,3.99,0.3192
10429,477,Germany,Water Bottle - 30 oz.,4.99,0.3992
10430,371,Germany,"Road-250 Red, 58",2181.5625,174.525
10431,575,Australia,"Touring-1000 Blue, 54",2384.07,190.7256
10432,480,Italy,Patch Kit/8 Patches,2.29,0.1832
10433,478,India,Mountain Bottle Cage,9.99,0.7992
10434,480,India,Patch Kit/8 Patches,2.29,0.1832
10435,480,India,Patch Kit/8 Patches,2.29,0.1832
10436,538,Australia,LL Road Tire,21.49,1.7192
10437,539,Australia,ML Road Tire,24.99,1.9992
10438,478,United States,Mountain Bottle Cage,9.99,0.7992
10439,537,Australia,HL Mountain Tire,35,2.8
10440,541,Canada,Touring Tire,28.99,2.3192
10441,352,France,"Mountain-200 Silver, 38",2071.4196,165.7136
10442,595,Canada,"Mountain-500 Silver, 52",564.99,45.1992
10443,487,United States,Hydration Pack - 70 oz.,54.99,4.3992
10444,484,United States,Bike Wash - Dissolver,7.95,0.636
10445,225,France,AWC Logo Cap,8.99,0.7192
10446,530,France,Touring Tire Tube,4.99,0.3992
10447,353,Canada,"Mountain-200 Silver, 38",2319.99,185.5992
10448,217,France,"Sport-100 Helmet, Black",34.99,2.7992
10449,363,United States,"Mountain-200 Black, 46",2294.99,183.5992
10450,528,United States,Mountain Tire Tube,4.99,0.3992
10451,368,France,"Road-250 Red, 44",2443.35,195.468
10452,352,Germany,"Mountain-200 Silver, 38",2071.4196,165.7136
10453,225,France,AWC Logo Cap,8.99,0.7192
10454,217,Canada,"Sport-100 Helmet, Black",34.99,2.7992
10455,606,Italy,"Road-750 Black, 52",539.99,43.1992
10456,539,France,ML Road Tire,24.99,1.9992
10457,480,United States,Patch Kit/8 Patches,2.29,0.1832
10458,359,Italy,"Mountain-200 Black, 38",2294.99,183.5992
10459,355,Germany,"Mountain-200 Silver, 42",2319.99,185.5992
10460,225,France,AWC Logo Cap,8.99,0.7192
10461,358,Canada,"Mountain-200 Black, 38",2049.0982,163.9279
10462,484,France,Bike Wash - Dissolver,7.95,0.636
10463,477,India,Water Bottle - 30 oz.,4.99,0.3992
10464,384,Australia,"Road-550-W Yellow, 40",1120.49,89.6392
10465,540,Italy,HL Road Tire,32.6,2.608
10466,584,Australia,"Road-750 Black, 58",539.99,43.1992
10467,477,France,Water Bottle - 30 oz.,4.99,0.3992
10468,214,France,"Sport-100 Helmet, Red",34.99,2.7992
10469,480,Germany,Patch Kit/8 Patches,2.29,0.1832
10470,592,Australia,"Mountain-500 Silver, 42",564.99,45.1992
10471,222,India,"Sport-100 Helmet, Blue",34.99,2.7992
10472,583,Australia,"Road-350-W Yellow, 48",1700.99,136.0792
10473,486,Germany,All-Purpose Bike Stand,159,12.72
10474,528,France,Mountain Tire Tube,4.99,0.3992
10475,576,United States,"Touring-1000 Blue, 60",2384.07,190.7256
10476,486,Australia,All-Purpose Bike Stand,159,12.72
10477,480,Canada,Patch Kit/8 Patches,2.29,0.1832
10478,361,Australia,"Mountain-200 Black, 42",2294.99,183.5992
10479,479,India,Road Bottle Cage,8.99,0.7192
10480,488,India,"Short-Sleeve Classic Jersey, S",53.99,4.3192
10481,363,Australia,"Mountain-200 Black, 46",2294.99,183.5992
10482,313,France,"Road-150 Red, 52",3578.27,286.2616
10483,586,Germany,"Touring-3000 Blue, 50",742.35,59.388
10484,536,Germany,ML Mountain Tire,29.99,2.3992
10485,535,India,LL Mountain Tire,24.99,1.9992
10486,222,India,"Sport-100 Helmet, Blue",34.99,2.7992
10487,225,India,AWC Logo Cap,8.99,0.7192
10488,369,Italy,"Road-250 Red, 48",2443.35,195.468
10489,595,Italy,"Mountain-500 Silver, 52",564.99,45.1992
10490,485,Italy,Fender Set - Mountain,21.98,1.7584
10491,485,India,Fender Set - Mountain,21.98,1.7584
10492,485,Italy,Fender Set - Mountain,21.98,1.7584
10493,541,India,Touring Tire,28.99,2.3192
10494,484,India,Bike Wash - Dissolver,7.95,0.636
10495,528,Germany,Mountain Tire Tube,4.99,0.3992
10496,474,Italy,"Women's Mountain Shorts, S",69.99,5.5992
10497,528,Italy,Mountain Tire Tube,4.99,0.3992
10498,368,France,"Road-250 Red, 44",2443.35,195.468
10499,536,Australia,ML Mountain Tire,29.99,2.3992
10500,528,Italy,Mountain Tire Tube,4.99,0.3992
10501,463,Australia,"Half-Finger Gloves, S",24.49,1.9592
10502,222,Canada,"Sport-100 Helmet, Blue",34.99,2.7992
10503,214,Italy,"Sport-100 Helmet, Red",34.99,2.7992
10504,528,Germany,Mountain Tire Tube,4.99,0.3992
10505,357,Germany,"Mountain-200 Silver, 46",2319.99,185.5992
10506,478,Canada,Mountain Bottle Cage,9.99,0.7992
10507,485,United States,Fender Set - Mountain,21.98,1.7584
10508,313,Germany,"Road-150 Red, 52",3578.27,286.2616
10509,484,India,Bike Wash - Dissolver,7.95,0.636
10510,530,United States,Touring Tire Tube,4.99,0.3992
10511,604,Australia,"Road-750 Black, 44",539.99,43.1992
10512,528,India,Mountain Tire Tube,4.99,0.3992
10513,528,France,Mountain Tire Tube,4.99,0.3992
10514,310,France,"Road-150 Red, 62",3578.27,286.2616
10515,477,Italy,Water Bottle - 30 oz.,4.99,0.3992
10516,485,Australia,Fender Set - Mountain,21.98,1.7584
10517,477,France,Water Bottle - 30 oz.,4.99,0.3992
10518,463,Italy,"Half-Finger Gloves, S",24.49,1.9592
10519,537,Australia,HL Mountain Tire,35,2.8
10520,222,France,"Sport-100 Helmet, Blue",34.99,2.7992
10521,485,Germany,Fender Set - Mountain,21.98,1.7584
10522,477,India,Water Bottle - 30 oz.,4.99,0.3992
10523,368,Canada,"Road-250 Red, 44",2443.35,195.468
10524,467,Australia,"Half-Finger Gloves, L",24.49,1.9592
10525,477,India,Water Bottle - 30 oz.,4.99,0.3992
10526,538,Australia,LL Road Tire,21.49,1.7192
10527,580,India,"Road-350-W Yellow, 40",1700.99,136.0792
10528,214,Canada,"Sport-100 Helmet, Red",34.99,2.7992
10529,225,India,AWC Logo Cap,8.99,0.7192
10530,463,Australia,"Half-Finger Gloves, S",24.49,1.9592
10531,222,United States,"Sport-100 Helmet, Blue",34.99,2.7992
10532,480,Italy,Patch Kit/8 Patches,2.29,0.1832
10533,214,Australia,"Sport-100 Helmet, Red",34.99,2.7992
10534,478,Germany,Mountain Bottle Cage,9.99,0.7992
10535,530,Italy,Touring Tire Tube,4.99,0.3992
10536,465,Canada,"Half-Finger Gloves, M",24.49,1.9592
10537,536,Australia,ML Mountain Tire,29.99,2.3992
10538,313,United States,"Road-150 Red, 52",3578.27,286.2616
10539,535,Germany,LL Mountain Tire,24.99,1.9992
10540,479,Italy,Road Bottle Cage,8.99,0.7192
10541,225,Australia,AWC Logo Cap,8.99,0.7192
10542,479,United States,Road Bottle Cage,8.99,0.7192
10543,465,Australia,"Half-Finger Gloves, M",24.49,1.9592
10544,369,Italy,"Road-250 Red, 48",2443.35,195.468
10545,217,United States,"Sport-100 Helmet, Black",34.99,2.7992
10546,606,India,"Road-750 Black, 52",539.99,43.1992
10547,222,France,"Sport-100 Helmet, Blue",34.99,2.7992
10548,313,Italy,"Road-150 Red, 52",3578.27,286.2616
10549,488,Canada,"Short-Sleeve Classic Jersey, S",53.99,4.3192
10550,538,Canada,LL Road Tire,21.49,1.7192
10551,588,Australia,"Mountain-400-W Silver, 40",769.49,61.5592
10552,485,Canada,Fender Set - Mountain,21.98,1.7584
10553,488,Australia,"Short-Sleeve Classic Jersey, S",53.99,4.3192
10554,537,Germany,HL Mountain Tire,35,2.8
10555,530,United States,Touring Tire Tube,4.99,0.3992
10556,327,Germany,"Road-650 Red, 44",782.99,62.6392
10557,478,Australia,Mountain Bottle Cage,9.99,0.7992
10558,477,Canada,Water Bottle - 30 oz.,4.99,0.3992
10559,361,India,"Mountain-200 Black, 42",2294.99,183.5992
10560,484,Canada,Bike Wash - Dissolver,7.95,0.636
10561,363,France,"Mountain-200 Black, 46",2294.99,183.5992
10562,485,Canada,Fender Set - Mountain,21.98,1.7584
10563,479,Canada,Road Bottle Cage,8.99,0.7192
10564,536,Italy,ML Mountain Tire,29.99,2.3992
10565,490,Australia,"Short-Sleeve Classic Jersey, L",53.99,4.3192
10566,539,Australia,ML Road Tire,24.99,1.9992
10567,584,India,"Road-750 Black, 58",539.99,43.1992
10568,581,United States,"Road-350-W Yellow, 42",1700.99,136.0792
10569,225,Canada,AWC Logo Cap,8.99,0.7192
10570,482,Germany,"Racing Socks, L",8.99,0.7192
10571,476,France,"Women's Mountain Shorts, L",69.99,5.5992
10572,217,Germany,"Sport-100 Helmet, Black",34.99,2.7992
10573,538,Australia,LL Road Tire,21.49,1.7192
10574,529,United States,Road Tire Tube,3.99,0.3192
10575,537,France,HL Mountain Tire,35,2.8
10576,485,Canada,Fender Set - Mountain,21.98,1.7584
10577,214,Canada,"Sport-100 Helmet, Red",34.99,2.7992
10578,478,Canada,Mountain Bottle Cage,9.99,0.7992
10579,222,United States,"Sport-100 Helmet, Blue",34.99,2.7992
10580,478,Germany,Mountain Bottle Cage,9.99,0.7992
10581,581,Australia,"Road-350-W Yellow, 42",1700.99,136.0792
10582,536,Canada,ML Mountain Tire,29.99,2.3992
10583,477,Germany,Water Bottle - 30 oz.,4.99,0.3992
10584,478,Germany,Mountain Bottle Cage,9.99,0.7992
10585,487,United States,Hydration Pack - 70 oz.,54.99,4.3992
10586,540,Italy,HL Road Tire,32.6,2.608
10587,479,France,Road Bottle Cage,8.99,0.7192
10588,214,India,"Sport-100 Helmet, Red",34.99,2.7992
10589,217,India,"Sport-100 Helmet, Black",34.99,2.7992
10590,540,France,HL Road Tire,32.6,2.608
10591,370,France,"Road-250 Red, 52",2443.35,195.468
10592,217,Germany,"Sport-100 Helmet, Black",34.99,2.7992
10593,478,Germany,Mountain Bottle Cage,9.99,0.7992
10594,574,India,"Touring-1000 Blue, 50",2384.07,190.7256
10595,571,Canada,"Touring-3000 Yellow, 58",742.35,59.388
10596,529,France,Road Tire Tube,3.99,0.3192
10597,477,Germany,Water Bottle - 30 oz.,4.99,0.3992
10598,541,Italy,Touring Tire,28.99,2.3192
10599,488,Australia,"Short-Sleeve Classic Jersey, S",53.99,4.3192
10600,528,Australia,Mountain Tire Tube,4.99,0.3992
10601,480,Italy,Patch Kit/8 Patches,2.29,0.1832
10602,321,Italy,"Road-650 Red, 58",782.99,62.6392
10603,529,India,Road Tire Tube,3.99,0.3192
10604,479,Germany,Road Bottle Cage,8.99,0.7192
10605,479,Australia,Road Bottle Cage,8.99,0.7192
10606,388,United States,"Road-550-W Yellow, 44",1120.49,89.6392
10607,537,France,HL Mountain Tire,35,2.8
10608,372,Canada,"Road-250 Red, 58",2443.35,195.468
10609,310,Italy,"Road-150 Red, 62",3578.27,286.2616
10610,363,Canada,"Mountain-200 Black, 46",2294.99,183.5992
10611,485,Italy,Fender Set - Mountain,21.98,1.7584
10612,479,Canada,Road Bottle Cage,8.99,0.7192
10613,529,Germany,Road Tire Tube,3.99,0.3192
10614,562,Italy,"Touring-1000 Yellow, 50",2384.07,190.7256
10615,604,France,"Road-750 Black, 44",539.99,43.1992
10616,479,Germany,Road Bottle Cage,8.99,0.7192
10617,528,Australia,Mountain Tire Tube,4.99,0.3992
10618,379,United States,"Road-250 Black, 58",2181.5625,174.525
10619,380,France,"Road-250 Black, 58",2443.35,195.468
10620,231,Italy,"Long-Sleeve Logo Jersey, M",49.99,3.9992
10621,480,France,Patch Kit/8 Patches,2.29,0.1832
10622,222,Germany,"Sport-100 Helmet, Blue",34.99,2.7992
10623,231,Australia,"Long-Sleeve Logo Jersey, M",49.99,3.9992
10624,529,United States,Road Tire Tube,3.99,0.3192
10625,480,France,Patch Kit/8 Patches,2.29,0.1832
10626,529,Italy,Road Tire Tube,3.99,0.3192
10627,214,Germany,"Sport-100 Helmet, Red",34.99,2.7992
10628,538,Australia,LL Road Tire,21.49,1.7192
10629,477,Canada,Water Bottle - 30 oz.,4.99,0.3992
10630,530,Canada,Touring Tire Tube,4.99,0.3992
10631,225,India,AWC Logo Cap,8.99,0.7192
10632,480,Australia,Patch Kit/8 Patches,2.29,0.1832
10633,479,Canada,Road Bottle Cage,8.99,0.7192
10634,541,Italy,Touring Tire,28.99,2.3192
10635,528,Germany,Mountain Tire Tube,4.99,0.3992
10636,481,Germany,"Racing Socks, M",8.99,0.7192
10637,529,Germany,Road Tire Tube,3.99,0.3192
10638,217,Canada,"Sport-100 Helmet, Black",34.99,2.7992
10639,467,France,"Half-Finger Gloves, L",24.49,1.9592
10640,529,France,Road Tire Tube,3.99,0.3192
10641,472,Germany,"Classic Vest, M",63.5,5.08
10642,217,France,"Sport-100 Helmet, Black",34.99,2.7992
10643,477,Germany,Water Bottle - 30 oz.,4.99,0.3992
10644,485,Canada,Fender Set - Mountain,21.98,1.7584
10645,484,Germany,Bike Wash - Dissolver,7.95,0.636
10646,538,Germany,LL Road Tire,21.49,1.7192
10647,485,Australia,Fender Set - Mountain,21.98,1.7584
10648,214,Canada,"Sport-100 Helmet, Red",34.99,2.7992
10649,476,Australia,"Women's Mountain Shorts, L",69.99,5.5992
10650,463,Australia,"Half-Finger Gloves, S",24.49,1.9592
10651,478,United States,Mountain Bottle Cage,9.99,0.7992
10652,486,India,All-Purpose Bike Stand,159,12.72
10653,529,Italy,Road Tire Tube,3.99,0.3192
10654,478,Australia,Mountain Bottle Cage,9.99,0.7992
10655,356,Italy,"Mountain-200 Silver, 46",2071.4196,165.7136
10656,389,Canada,"Road-550-W Yellow, 48",1000.4375,80.035
10657,477,Canada,Water Bottle - 30 oz.,4.99,0.3992
10658,530,Canada,Touring Tire Tube,4.99,0.3992
10659,369,Germany,"Road-250 Red, 48",2443.35,195.468
10660,477,Italy,Water Bottle - 30 oz.,4.99,0.3992
10661,356,Australia,"Mountain-200 Silver, 46",2071.4196,165.7136
10662,540,Australia,HL Road Tire,32.6,2.608
10663,605,India,"Road-750 Black, 48",539.99,43.1992
10664,490,India,"Short-Sleeve Classic Jersey, L",53.99,4.3192
10665,217,Canada,"Sport-100 Helmet, Black",34.99,2.7992
10666,479,United States,Road Bottle Cage,8.99,0.7192
10667,234,United States,"Long-Sleeve Logo Jersey, L",49.99,3.9992
10668,356,India,"Mountain-200 Silver, 46",2071.4196,165.7136
10669,530,United States,Touring Tire Tube,4.99,0.3992
10670,476,Germany,"Women's Mountain Shorts, L",69.99,5.5992
10671,586,India,"Touring-3000 Blue, 50",742.35,59.388
10672,488,Germany,"Short-Sleeve Classic Jersey, S",53.99,4.3192
10673,354,Australia,"Mountain-200 Silver, 42",2071.4196,165.7136
10674,536,Canada,ML Mountain Tire,29.99,2.3992
10675,480,Germany,Patch Kit/8 Patches,2.29,0.1832
10676,487,India,Hydration Pack - 70 oz.,54.99,4.3992
10677,541,United States,Touring Tire,28.99,2.3192
10678,478,United States,Mountain Bottle Cage,9.99,0.7992
10679,477,India,Water Bottle - 30 oz.,4.99,0.3992
10680,214,Australia,"Sport-100 Helmet, Red",34.99,2.7992
10681,217,India,"Sport-100 Helmet, Black",34.99,2.7992
10682,314,France,"Road-150 Red, 56",3578.27,286.2616
10683,529,Germany,Road Tire Tube,3.99,0.3192
10684,478,Germany,Mountain Bottle Cage,9.99,0.7992
10685,225,Canada,AWC Logo Cap,8.99,0.7192
10686,477,France,Water Bottle - 30 oz.,4.99,0.3992
10687,353,France,"Mountain-200 Silver, 38",2319.99,185.5992
10688,536,India,ML Mountain Tire,29.99,2.3992
10689,567,United States,"Touring-3000 Blue, 62",742.35,59.388
10690,606,France,"Road-750 Black, 52",539.99,43.1992
10691,214,United States,"Sport-100 Helmet, Red",34.99,2.7992
10692,529,Canada,Road Tire Tube,3.99,0.3192
10693,475,United States,"Women's Mountain Shorts, M",69.99,5.5992
10694,363,Germany,"Mountain-200 Black, 46",2294.99,183.5992
10695,225,India,AWC Logo Cap,8.99,0.7192
10696,575,United States,"Touring-1000 Blue, 54",2384.07,190.7256
10697,386,India,"Road-550-W Yellow, 42",1120.49,89.6392
10698,541,Canada,Touring Tire,28.99,2.3192
10699,530,India,Touring Tire Tube,4.99,0.3992
10700,217,Canada,"Sport-100 Helmet, Black",34.99,2.7992
10701,237,United States,"Long-Sleeve Logo Jersey, XL",49.99,3.9992
10702,477,United States,Water Bottle - 30 oz.,4.99,0.3992
10703,529,India,Road Tire Tube,3.99,0.3192
10704,478,Italy,Mountain Bottle Cage,9.99,0.7992
10705,480,France,Patch Kit/8 Patches,2.29,0.1832
10706,328,Australia,"Road-650 Red, 48",699.0982,55.9279
10707,477,Italy,Water Bottle - 30 oz.,4.99,0.3992
10708,535,Italy,LL Mountain Tire,24.99,1.9992
10709,593,Germany,"Mountain-500 Silver, 44",564.99,45.1992
10710,313,Canada,"Road-150 Red, 52",3578.27,286.2616
10711,237,Australia,"Long-Sleeve Logo Jersey, XL",49.99,3.9992
10712,222,United States,"Sport-100 Helmet, Blue",34.99,2.7992
10713,225,Germany,AWC Logo Cap,8.99,0.7192
10714,214,United States,"Sport-100 Helmet, Red",34.99,2.7992
10715,237,United States,"Long-Sleeve Logo Jersey, XL",49.99,3.9992
10716,478,Italy,Mountain Bottle Cage,9.99,0.7992
10717,477,Italy,Water Bottle - 30 oz.,4.99,0.3992
10718,560,United States,"Touring-2000 Blue, 60",1214.85,97.188
10719,310,Germany,"Road-150 Red, 62",3578.27,286.2616
10720,477,Italy,Water Bottle - 30 oz.,4.99,0.3992
10721,384,France,"Road-550-W Yellow, 40",1120.49,89.6392
10722,477,Australia,Water Bottle - 30 oz.,4.99,0.3992
10723,528,India,Mountain Tire Tube,4.99,0.3992
10724,477,Italy,Water Bottle - 30 oz.,4.99,0.3992
10725,536,Australia,ML Mountain Tire,29.99,2.3992
10726,530,Italy,Touring Tire Tube,4.99,0.3992
10727,477,United States,Water Bottle - 30 oz.,4.99,0.3992
10728,528,France,Mountain Tire Tube,4.99,0.3992
10729,214,France,"Sport-100 Helmet, Red",34.99,2.7992
10730,528,Germany,Mountain Tire Tube,4.99,0.3992
10731,480,France,Patch Kit/8 Patches,2.29,0.1832
10732,485,India,Fender Set - Mountain,21.98,1.7584
10733,560,France,"Touring-2000 Blue, 60",1214.85,97.188
10734,528,France,Mountain Tire Tube,4.99,0.3992
10735,529,Germany,Road Tire Tube,3.99,0.3192
10736,477,Canada,Water Bottle - 30 oz.,4.99,0.3992
10737,477,United States,Water Bottle - 30 oz.,4.99,0.3992
10738,217,United States,"Sport-100 Helmet, Black",34.99,2.7992
10739,479,India,Road Bottle Cage,8.99,0.7192
10740,217,France,"Sport-100 Helmet, Black",34.99,2.7992
10741,485,Germany,Fender Set - Mountain,21.98,1.7584
10742,491,United States,"Short-Sleeve Classic Jersey, XL",53.99,4.3192
10743,214,France,"Sport-100 Helmet, Red",34.99,2.7992
10744,540,Canada,HL Road Tire,32.6,2.608
10745,536,India,ML Mountain Tire,29.99,2.3992
10746,477,Italy,Water Bottle - 30 oz.,4.99,0.3992
10747,489,Australia,"Short-Sleeve Classic Jersey, M",53.99,4.3192
10748,237,Canada,"Long-Sleeve Logo Jersey, XL",49.99,3.9992
10749,529,United States,Road Tire Tube,3.99,0.3192
10750,606,France,"Road-750 Black, 52",539.99,43.1992
10751,606,Germany,"Road-750 Black, 52",539.99,43.1992
10752,373,Canada,"Road-250 Black, 44",2181.5625,174.525
10753,580,Germany,"Road-350-W Yellow, 40",1700.99,136.0792
10754,479,Germany,Road Bottle Cage,8.99,0.7192
10755,480,Germany,Patch Kit/8 Patches,2.29,0.1832
10756,486,Canada,All-Purpose Bike Stand,159,12.72
10757,363,Canada,"Mountain-200 Black, 46",2294.99,183.5992
10758,479,Australia,Road Bottle Cage,8.99,0.7192
10759,529,India,Road Tire Tube,3.99,0.3192
10760,480,Canada,Patch Kit/8 Patches,2.29,0.1832
10761,530,Italy,Touring Tire Tube,4.99,0.3992
10762,225,India,AWC Logo Cap,8.99,0.7192
10763,214,Italy,"Sport-100 Helmet, Red",34.99,2.7992
10764,529,Germany,Road Tire Tube,3.99,0.3192
10765,225,Australia,AWC Logo Cap,8.99,0.7192
10766,225,Italy,AWC Logo Cap,8.99,0.7192
10767,480,India,Patch Kit/8 Patches,2.29,0.1832
10768,225,Italy,AWC Logo Cap,8.99,0.7192
10769,477,France,Water Bottle - 30 oz.,4.99,0.3992
10770,465,Australia,"Half-Finger Gloves, M",24.49,1.9592
10771,537,India,HL Mountain Tire,35,2.8
10772,528,Germany,Mountain Tire Tube,4.99,0.3992
10773,480,Germany,Patch Kit/8 Patches,2.29,0.1832
10774,222,Canada,"Sport-100 Helmet, Blue",34.99,2.7992
10775,480,France,Patch Kit/8 Patches,2.29,0.1832
10776,314,Germany,"Road-150 Red, 56",3578.27,286.2616
10777,530,India,Touring Tire Tube,4.99,0.3992
10778,491,Italy,"Short-Sleeve Classic Jersey, XL",53.99,4.3192
10779,225,Italy,AWC Logo Cap,8.99,0.7192
10780,528,United States,Mountain Tire Tube,4.99,0.3992
10781,363,France,"Mountain-200 Black, 46",2294.99,183.5992
10782,474,France,"Women's Mountain Shorts, S",69.99,5.5992
10783,478,Australia,Mountain Bottle Cage,9.99,0.7992
10784,580,Italy,"Road-350-W Yellow, 40",1700.99,136.0792
10785,477,France,Water Bottle - 30 oz.,4.99,0.3992
10786,538,India,LL Road Tire,21.49,1.7192
10787,530,India,Touring Tire Tube,4.99,0.3992
10788,217,United States,"Sport-100 Helmet, Black",34.99,2.7992
10789,568,Germany,"Touring-3000 Yellow, 44",742.35,59.388
10790,477,Canada,Water Bottle - 30 oz.,4.99,0.3992
10791,485,Italy,Fender Set - Mountain,21.98,1.7584
10792,529,India,Road Tire Tube,3.99,0.3192
10793,231,India,"Long-Sleeve Logo Jersey, M",49.99,3.9992
10794,538,Italy,LL Road Tire,21.49,1.7192
10795,487,India,Hydration Pack - 70 oz.,54.99,4.3992
10796,485,Italy,Fender Set - Mountain,21.98,1.7584
10797,237,Germany,"Long-Sleeve Logo Jersey, XL",49.99,3.9992
10798,375,United States,"Road-250 Black, 48",2181.5625,174.525
10799,487,France,Hydration Pack - 70 oz.,54.99,4.3992
10800,539,Canada,ML Road Tire,24.99,1.9992
10801,528,Italy,Mountain Tire Tube,4.99,0.3992
10802,477,France,Water Bottle - 30 oz.,4.99,0.3992
10803,217,United States,"Sport-100 Helmet, Black",34.99,2.7992
10804,490,Australia,"Short-Sleeve Classic Jersey, L",53.99,4.3192
10805,528,Germany,Mountain Tire Tube,4.99,0.3992
10806,231,India,"Long-Sleeve Logo Jersey, M",49.99,3.9992
10807,537,Canada,HL Mountain Tire,35,2.8
10808,467,Germany,"Half-Finger Gloves, L",24.49,1.9592
10809,214,France,"Sport-100 Helmet, Red",34.99,2.7992
10810,585,France,"Touring-3000 Blue, 44",742.35,59.388
10811,369,India,"Road-250 Red, 48",2443.35,195.468
10812,537,France,HL Mountain Tire,35,2.8
10813,312,France,"Road-150 Red, 48",3578.27,286.2616
10814,334,Germany,"Road-650 Black, 60",699.0982,55.9279
10815,487,India,Hydration Pack - 70 oz.,54.99,4.3992
10816,477,United States,Water Bottle - 30 oz.,4.99,0.3992
10817,345,India,"Mountain-100 Silver, 42",3399.99,271.9992
10818,541,Canada,Touring Tire,28.99,2.3192
10819,605,Germany,"Road-750 Black, 48",539.99,43.1992
10820,529,Germany,Road Tire Tube,3.99,0.3192
10821,237,France,"Long-Sleeve Logo Jersey, XL",49.99,3.9992
10822,528,Canada,Mountain Tire Tube,4.99,0.3992
10823,477,Italy,Water Bottle - 30 oz.,4.99,0.3992
10824,354,Italy,"Mountain-200 Silver, 42",2071.4196,165.7136
10825,528,Canada,Mountain Tire Tube,4.99,0.3992
10826,480,France,Patch Kit/8 Patches,2.29,0.1832
10827,312,Australia,"Road-150 Red, 48",3578.27,286.2616
10828,480,India,Patch Kit/8 Patches,2.29,0.1832
10829,214,Germany,"Sport-100 Helmet, Red",34.99,2.7992
10830,353,Australia,"Mountain-200 Silver, 38",2319.99,185.5992
10831,541,Australia,Touring Tire,28.99,2.3192
10832,568,France,"Touring-3000 Yellow, 44",742.35,59.388
10833,535,India,LL Mountain Tire,24.99,1.9992
10834,528,Australia,Mountain Tire Tube,4.99,0.3992
10835,528,Australia,Mountain Tire Tube,4.99,0.3992
10836,478,Italy,Mountain Bottle Cage,9.99,0.7992
10837,485,Germany,Fender Set - Mountain,21.98,1.7584
10838,477,Canada,Water Bottle - 30 oz.,4.99,0.3992
10839,336,Italy,"Road-650 Black, 62",699.0982,55.9279
10840,537,Italy,HL Mountain Tire,35,2.8
10841,539,Italy,ML Road Tire,24.99,1.9992
10842,357,Canada,"Mountain-200 Silver, 46",2319.99,185.5992
10843,529,Canada,Road Tire Tube,3.99,0.3192
10844,478,Germany,Mountain Bottle Cage,9.99,0.7992
10845,222,Germany,"Sport-100 Helmet, Blue",34.99,2.7992
10846,541,Canada,Touring Tire,28.99,2.3192
10847,477,Germany,Water Bottle - 30 oz.,4.99,0.3992
10848,540,India,HL Road Tire,32.6,2.608
10849,231,Germany,"Long-Sleeve Logo Jersey, M",49.99,3.9992
10850,476,United States,"Women's Mountain Shorts, L",69.99,5.5992
10851,214,Italy,"Sport-100 Helmet, Red",34.99,2.7992
10852,485,France,Fender Set - Mountain,21.98,1.7584
10853,477,India,Water Bottle - 30 oz.,4.99,0.3992
10854,539,India,ML Road Tire,24.99,1.9992
10855,214,Canada,"Sport-100 Helmet, Red",34.99,2.7992
10856,480,Canada,Patch Kit/8 Patches,2.29,0.1832
10857,388,United States,"Road-550-W Yellow, 44",1120.49,89.6392
10858,382,India,"Road-550-W Yellow, 38",1120.49,89.6392
10859,528,Canada,Mountain Tire Tube,4.99,0.3992
10860,491,Germany,"Short-Sleeve Classic Jersey, XL",53.99,4.3192
10861,214,Italy,"Sport-100 Helmet, Red",34.99,2.7992
10862,537,Italy,HL Mountain Tire,35,2.8
10863,384,United States,"Road-550-W Yellow, 40",1120.49,89.6392
10864,536,India,ML Mountain Tire,29.99,2.3992
10865,237,Italy,"Long-Sleeve Logo Jersey, XL",49.99,3.9992
10866,477,France,Water Bottle - 30 oz.,4.99,0.3992
10867,541,France,Touring Tire,28.99,2.3192
10868,485,Canada,Fender Set - Mountain,21.98,1.7584
10869,592,Australia,"Mountain-500 Silver, 42",564.99,45.1992
10870,535,United States,LL Mountain Tire,24.99,1.9992
10871,478,India,Mountain Bottle Cage,9.99,0.7992
10872,463,Canada,"Half-Finger Gloves, S",24.49,1.9592
10873,222,United States,"Sport-100 Helmet, Blue",34.99,2.7992
10874,540,Canada,HL Road Tire,32.6,2.608
10875,361,Germany,"Mountain-200 Black, 42",2294.99,183.5992
10876,355,France,"Mountain-200 Silver, 42",2319.99,185.5992
10877,363,Canada,"Mountain-200 Black, 46",2294.99,183.5992
10878,479,India,Road Bottle Cage,8.99,0.7192
10879,580,Germany,"Road-350-W Yellow, 40",1700.99,136.0792
10880,536,India,ML Mountain Tire,29.99,2.3992
10881,368,Italy,"Road-250 Red, 44",2443.35,195.468
10882,541,Australia,Touring Tire,28.99,2.3192
10883,368,United States,"Road-250 Red, 44",2443.35,195.468
10884,530,Italy,Touring Tire Tube,4.99,0.3992
10885,222,United States,"Sport-100 Helmet, Blue",34.99,2.7992
10886,599,Canada,"Mountain-500 Black, 48",539.99,43.1992
10887,214,France,"Sport-100 Helmet, Red",34.99,2.7992
10888,529,India,Road Tire Tube,3.99,0.3192
10889,529,India,Road Tire Tube,3.99,0.3192
10890,477,India,Water Bottle - 30 oz.,4.99,0.3992
10891,214,Germany,"Sport-100 Helmet, Red",34.99,2.7992
10892,536,India,ML Mountain Tire,29.99,2.3992
10893,538,Australia,LL Road Tire,21.49,1.7192
10894,540,Germany,HL Road Tire,32.6,2.608
10895,374,United States,"Road-250 Black, 44",2443.35,195.468
10896,536,Canada,ML Mountain Tire,29.99,2.3992
10897,477,United States,Water Bottle - 30 oz.,4.99,0.3992
10898,490,Germany,"Short-Sleeve Classic Jersey, L",53.99,4.3192
10899,225,Canada,AWC Logo Cap,8.99,0.7192
10900,485,France,Fender Set - Mountain,21.98,1.7584
10901,225,Canada,AWC Logo Cap,8.99,0.7192
10902,529,Italy,Road Tire Tube,3.99,0.3192
10903,477,Germany,Water Bottle - 30 oz.,4.99,0.3992
10904,530,United States,Touring Tire Tube,4.99,0.3992
10905,485,United States,Fender Set - Mountain,21.98,1.7584
10906,380,Germany,"Road-250 Black, 58",2443.35,195.468
10907,487,Canada,Hydration Pack - 70 oz.,54.99,4.3992
10908,528,Italy,Mountain Tire Tube,4.99,0.3992
10909,482,Australia,"Racing Socks, L",8.99,0.7192
10910,348,Australia,"Mountain-100 Black, 38",3374.99,269.9992
10911,350,Italy,"Mountain-100 Black, 44",3374.99,269.9992
10912,225,Italy,AWC Logo Cap,8.99,0.7192
10913,214,India,"Sport-100 Helmet, Red",34.99,2.7992
10914,222,Germany,"Sport-100 Helmet, Blue",34.99,2.7992
10915,231,United States,"Long-Sleeve Logo Jersey, M",49.99,3.9992
10916,539,France,ML Road Tire,24.99,1.9992
10917,357,Australia,"Mountain-200 Silver, 46",2319.99,185.5992
10918,539,India,ML Road Tire,24.99,1.9992
10919,539,Australia,ML Road Tire,24.99,1.9992
10920,528,Australia,Mountain Tire Tube,4.99,0.3992
10921,478,Italy,Mountain Bottle Cage,9.99,0.7992
10922,237,India,"Long-Sleeve Logo Jersey, XL",49.99,3.9992
10923,217,France,"Sport-100 Helmet, Black",34.99,2.7992
10924,584,Canada,"Road-750 Black, 58",539.99,43.1992
10925,382,Canada,"Road-550-W Yellow, 38",1120.49,89.6392
10926,479,France,Road Bottle Cage,8.99,0.7192
10927,480,India,Patch Kit/8 Patches,2.29,0.1832
10928,536,Germany,ML Mountain Tire,29.99,2.3992
10929,477,Canada,Water Bottle - 30 oz.,4.99,0.3992
10930,225,Canada,AWC Logo Cap,8.99,0.7192
10931,475,Germany,"Women's Mountain Shorts, M",69.99,5.5992
10932,528,Germany,Mountain Tire Tube,4.99,0.3992
10933,535,Italy,LL Mountain Tire,24.99,1.9992
10934,484,India,Bike Wash - Dissolver,7.95,0.636
10935,491,France,"Short-Sleeve Classic Jersey, XL",53.99,4.3192
10936,222,Italy,"Sport-100 Helmet, Blue",34.99,2.7992
10937,580,India,"Road-350-W Yellow, 40",1700.99,136.0792
10938,477,Canada,Water Bottle - 30 oz.,4.99,0.3992
10939,529,Australia,Road Tire Tube,3.99,0.3192
10940,485,Canada,Fender Set - Mountain,21.98,1.7584
10941,377,France,"Road-250 Black, 52",2181.5625,174.525
10942,530,Canada,Touring Tire Tube,4.99,0.3992
10943,217,France,"Sport-100 Helmet, Black",34.99,2.7992
10944,217,India,"Sport-100 Helmet, Black",34.99,2.7992
10945,477,France,Water Bottle - 30 oz.,4.99,0.3992
10946,477,Canada,Water Bottle - 30 oz.,4.99,0.3992
10947,561,Canada,"Touring-1000 Yellow, 46",2384.07,190.7256
10948,388,Italy,"Road-550-W Yellow, 44",1120.49,89.6392
10949,314,Australia,"Road-150 Red, 56",3578.27,286.2616
10950,528,Italy,Mountain Tire Tube,4.99,0.3992
10951,214,France,"Sport-100 Helmet, Red",34.99,2.7992
10952,528,India,Mountain Tire Tube,4.99,0.3992
10953,491,France,"Short-Sleeve Classic Jersey, XL",53.99,4.3192
10954,539,France,ML Road Tire,24.99,1.9992
10955,476,Germany,"Women's Mountain Shorts, L",69.99,5.5992
10956,485,Canada,Fender Set - Mountain,21.98,1.7584
10957,361,India,"Mountain-200 Black, 42",2294.99,183.5992
10958,361,Germany,"Mountain-200 Black, 42",2294.99,183.5992
10959,352,Germany,"Mountain-200 Silver, 38",2071.4196,165.7136
10960,478,Canada,Mountain Bottle Cage,9.99,0.7992
10961,478,Germany,Mountain Bottle Cage,9.99,0.7992
10962,483,Australia,Hitch Rack - 4-Bike,120,9.6
10963,363,United States,"Mountain-200 Black, 46",2294.99,183.5992
10964,480,Canada,Patch Kit/8 Patches,2.29,0.1832
10965,372,France,"Road-250 Red, 58",2443.35,195.468
10966,475,Germany,"Women's Mountain Shorts, M",69.99,5.5992
10967,477,United States,Water Bottle - 30 oz.,4.99,0.3992
10968,465,United States,"Half-Finger Gloves, M",24.49,1.9592
10969,595,Canada,"Mountain-500 Silver, 52",564.99,45.1992
10970,376,Canada,"Road-250 Black, 48",2443.35,195.468
10971,488,India,"Short-Sleeve Classic Jersey, S",53.99,4.3192
10972,541,India,Touring Tire,28.99,2.3192
10973,535,Italy,LL Mountain Tire,24.99,1.9992
10974,477,United States,Water Bottle - 30 oz.,4.99,0.3992
10975,234,Italy,"Long-Sleeve Logo Jersey, L",49.99,3.9992
10976,574,India,"Touring-1000 Blue, 50",2384.07,190.7256
10977,491,Australia,"Short-Sleeve Classic Jersey, XL",53.99,4.3192
10978,537,Italy,HL Mountain Tire,35,2.8
10979,231,Canada,"Long-Sleeve Logo Jersey, M",49.99,3.9992
10980,480,United States,Patch Kit/8 Patches,2.29,0.1832
10981,480,France,Patch Kit/8 Patches,2.29,0.1832
10982,480,Italy,Patch Kit/8 Patches,2.29,0.1832
10983,575,Italy,"Touring-1000 Blue, 54",2384.07,190.7256
10984,530,Italy,Touring Tire Tube,4.99,0.3992
10985,528,France,Mountain Tire Tube,4.99,0.3992
10986,529,India,Road Tire Tube,3.99,0.3192
10987,311,United States,"Road-150 Red, 44",3578.27,286.2616
10988,540,Germany,HL Road Tire,32.6,2.608
10989,477,India,Water Bottle - 30 oz.,4.99,0.3992
10990,477,France,Water Bottle - 30 oz.,4.99,0.3992
10991,583,France,"Road-350-W Yellow, 48",1700.99,136.0792
10992,363,France,"Mountain-200 Black, 46",2294.99,183.5992
10993,476,United States,"Women's Mountain Shorts, L",69.99,5.5992
10994,333,India,"Road-650 Black, 58",782.99,62.6392
10995,337,Germany,"Road-650 Black, 62",782.99,62.6392
10996,225,India,AWC Logo Cap,8.99,0.7192
10997,529,United States,Road Tire Tube,3.99,0.3192
10998,478,Australia,Mountain Bottle Cage,9.99,0.7992
10999,477,India,Water Bottle - 30 oz.,4.99,0.3992
11000,580,India,"Road-350-W Yellow, 40",1700.99,136.0792
